{
    "info": {
        "title": "Claim",
        "draft": false,
        "version": "1.0.0",
        "baseUri": "http://example.org/"
    },
    "definitions": {
        "Claim": {
            "properties": {
                "claimNumber": {
                    "datatype": "string",
                    "facetable": false,
                    "sortable": true,
                    "collation": "http://marklogic.com/collation/codepoint"
                },
                "policyNumber": {
                    "datatype": "string",
                    "facetable": false,
                    "sortable": true,
                    "collation": "http://marklogic.com/collation/codepoint"
                },
                "insuredName": {
                    "datatype": "string",
                    "facetable": false,
                    "sortable": true,
                    "collation": "http://marklogic.com/collation/codepoint"
                },
                "incidentDescription": {
                    "datatype": "string",
                    "facetable": false,
                    "sortable": false,
                    "collation": "http://marklogic.com/collation/codepoint"
                },
                "lossDescription": {
                    "datatype": "string",
                    "facetable": false,
                    "sortable": false,
                    "collation": "http://marklogic.com/collation/codepoint"
                },
                "claimStatus": {
                    "datatype": "string",
                    "facetable": true,
                    "sortable": false,
                    "collation": "http://marklogic.com/collation/codepoint"
                },
                "lossDate": {
                    "datatype": "date",
                    "facetable": false,
                    "sortable": true,
                    "collation": "http://marklogic.com/collation/codepoint"
                },
                "incidentDate": {
                    "datatype": "date",
                    "facetable": false,
                    "sortable": true,
                    "collation": "http://marklogic.com/collation/codepoint"
                },
                "claimantName": {
                    "datatype": "string",
                    "facetable": false,
                    "sortable": true,
                    "collation": "http://marklogic.com/collation/codepoint"
                },
                "claimantID": {
                    "datatype": "string",
                    "facetable": false,
                    "sortable": true,
                    "collation": "http://marklogic.com/collation/codepoint"
                },
                "insuredID": {
                    "datatype": "string",
                    "facetable": false,
                    "sortable": true,
                    "collation": "http://marklogic.com/collation/codepoint"
                }
            },
            "primaryKey": "claimNumber"
        }
    }
}